–û—Ç–º–µ—Ç–∫–∞ –≤—Ä–µ–º–µ–Ω–∏,–í–∞—à –≤–æ–∑—Ä–∞—Å—Ç,–í–∞—à –ø–æ–ª,–ò–∑ –∫–∞–∫–æ–≥–æ –≤—ã —Ä–µ–≥–∏–æ–Ω–∞ –ö—ã—Ä–≥—ã–∑—Å—Ç–∞–Ω–∞?,–í–∞—à —Ä–æ–¥ –∑–∞–Ω—è—Ç–∏–π,–ú—É–∑—ã–∫–∞–ª—å–Ω—ã–µ –ø—Ä–µ–¥–ø–æ—á—Ç–µ–Ω–∏—è,–ö–∞–∫ —á–∞—Å—Ç–æ –≤—ã —Å–ª—É—à–∞–µ—Ç–µ –º—É–∑—ã–∫—É?,–ö–∞–∫–∏–µ –ø–ª–∞—Ç—Ñ–æ—Ä–º—ã –≤—ã –∏—Å–ø–æ–ª—å–∑—É–µ—Ç–µ –¥–ª—è –ø—Ä–æ—Å–ª—É—à–∏–≤–∞–Ω–∏—è –º—É–∑—ã–∫–∏?,–ö–∞–∫ –º—É–∑—ã–∫–∞ –≤–ª–∏—è–µ—Ç –Ω–∞ –≤–∞—à–µ –Ω–∞—Å—Ç—Ä–æ–µ–Ω–∏–µ?,–ö–∞–∫–∏–µ —ç–º–æ—Ü–∏–∏ —á–∞—â–µ –≤—Å–µ–≥–æ –≤—ã–∑—ã–≤–∞–µ—Ç —É –≤–∞—Å –º—É–∑—ã–∫–∞?,–ö–∞–∫–∏–µ —Ç—Ä–∏ –ø–µ—Å–Ω–∏ –∏–ª–∏ –∏—Å–ø–æ–ª–Ω–∏—Ç–µ–ª—è –≤—ã —Å–ª—É—à–∞–ª–∏ —á–∞—â–µ –≤—Å–µ–≥–æ –∑–∞ –ø–æ—Å–ª–µ–¥–Ω–∏–π –º–µ—Å—è—Ü?,  –ö–∞–∫—É—é –º—É–∑—ã–∫—É –≤—ã –ø—Ä–µ–¥–ø–æ—á–∏—Ç–∞–µ—Ç–µ?,"–ö–∞–∫–æ–π –≤–∞—à –ª—é–±–∏–º—ã–π –∞–ª—å–±–æ–º, –∏ –∫–∞–∫–∏–µ —ç–º–æ—Ü–∏–∏ –æ–Ω –≤—ã–∑–≤–∞–ª?"
23.11.2024 17:33:55,18‚Äì24,–ú—É–∂—Å–∫–æ–π,–û—à—Å–∫–∞—è –æ–±–ª–∞—Å—Ç—å,"–°—Ç—É–¥–µ–Ω—Ç, –†–∞–±–æ—Ç–∞—é—â–∏–π (–æ—Ñ–∏—Å/–ø—Ä–æ–∏–∑–≤–æ–¥—Å—Ç–≤–æ/—Å–µ—Ä–≤–∏—Å)","–†—ç–ø/–•–∏–ø-—Ö–æ–ø, –§–æ–Ω–∫, –Ø–ø–æ–Ω—Å–∫–∞—è –º—É–∑—ã–∫–∞(–æ–ø–µ–Ω–∏–Ω–≥, —ç–Ω–¥–∏–Ω–≥ –∏ —Ç–ø.)",–ï–∂–µ–¥–Ω–µ–≤–Ω–æ,–¢–∏–∫ —Ç–æ–∫ ,–ú–æ—Ç–∏–≤–∏—Ä—É–µ—Ç,–ì—Ä—É—Å—Ç—å,"Moving Castle 
Miyagi samurai 
Brazilian phonk ","–ó–∞–ø–∞–¥–Ω—É—é (–∞–º–µ—Ä–∏–∫–∞–Ω—Å–∫—É—é, –µ–≤—Ä–æ–ø–µ–π—Å–∫—É—é), –°–º–µ—à–∞–Ω–Ω—É—é (–Ω–µ—Å–∫–æ–ª—å–∫–æ –∫—É–ª—å—Ç—É—Ä)",Hui
23.11.2024 17:41:24,18‚Äì24,–ú—É–∂—Å–∫–æ–π,–ò—Å—Å—ã–∫-–ö—É–ª—å—Å–∫–∞—è –æ–±–ª–∞—Å—Ç—å,–°—Ç—É–¥–µ–Ω—Ç,–§–æ–Ω–∫,–†–∞–∑ –≤ –Ω–µ–¥–µ–ª—é,"YouTube, Spotify",–ú–æ—Ç–∏–≤–∏—Ä—É–µ—Ç,–°–ø–æ–∫–æ–π—Å—Ç–≤–∏–µ,Arctic monkeys,"–ó–∞–ø–∞–¥–Ω—É—é (–∞–º–µ—Ä–∏–∫–∞–Ω—Å–∫—É—é, –µ–≤—Ä–æ–ø–µ–π—Å–∫—É—é), –ò–∑ —Å–≤–æ–µ–π —Å—Ç—Ä–∞–Ω—ã (–ö—ã—Ä–≥—ã–∑—Å—Ç–∞–Ω)",-
23.11.2024 17:44:25,18‚Äì24,–ú—É–∂—Å–∫–æ–π,–ß—É–π—Å–∫–∞—è –æ–±–ª–∞—Å—Ç—å,–°—Ç—É–¥–µ–Ω—Ç,"–ü–æ–ø, –†–æ–∫, –†—ç–ø/–•–∏–ø-—Ö–æ–ø",–ï–∂–µ–¥–Ω–µ–≤–Ω–æ,"YouTube, Spotify","–£—Å–ø–æ–∫–∞–∏–≤–∞–µ—Ç, –£–ª—É—á—à–∞–µ—Ç –Ω–∞—Å—Ç—Ä–æ–µ–Ω–∏–µ, –°–Ω–∏–º–∞–µ—Ç —Å—Ç—Ä–µ—Å—Å",–ì—Ä—É—Å—Ç—å,"–ü–æ—Ä–Ω–æ—Ñ–∏–ª—å–º—ã, –ú–∞–∫—Å –ö–æ—Ä–∂, LeTai","–ó–∞–ø–∞–¥–Ω—É—é (–∞–º–µ—Ä–∏–∫–∞–Ω—Å–∫—É—é, –µ–≤—Ä–æ–ø–µ–π—Å–∫—É—é), –†—É—Å—Å–∫—É—é",–ì–æ—Ä–≥–æ—Ä–æ–¥ –û–∫—Å–∏–º–∏—Ä–æ–Ω–∞
23.11.2024 17:46:12,18‚Äì24,–ú—É–∂—Å–∫–æ–π,–ß—É–π—Å–∫–∞—è –æ–±–ª–∞—Å—Ç—å,–°—Ç—É–¥–µ–Ω—Ç,"–ü–æ–ø, –†–æ–∫, –†—ç–ø/–•–∏–ø-—Ö–æ–ø, –ö–ª–∞—Å—Å–∏—á–µ—Å–∫–∞—è –º—É–∑—ã–∫–∞, –î–∂–∞–∑, –†–µ–≥–≥–∏",–ï–∂–µ–¥–Ω–µ–≤–Ω–æ,"YouTube, Spotify, –Ø–Ω–¥–µ–∫—Å.–ú—É–∑—ã–∫–∞","–£—Å–ø–æ–∫–∞–∏–≤–∞–µ—Ç, –ú–æ—Ç–∏–≤–∏—Ä—É–µ—Ç, –£–ª—É—á—à–∞–µ—Ç –Ω–∞—Å—Ç—Ä–æ–µ–Ω–∏–µ, –ü–æ–º–æ–≥–∞–µ—Ç —Å–æ—Å—Ä–µ–¥–æ—Ç–æ—á–∏—Ç—å—Å—è, –°–Ω–∏–º–∞–µ—Ç —Å—Ç—Ä–µ—Å—Å",–ö–∞–π—Ñ,"The Weeknd, Kendrick Lamar, Tyler, the Creator ","–ó–∞–ø–∞–¥–Ω—É—é (–∞–º–µ—Ä–∏–∫–∞–Ω—Å–∫—É—é, –µ–≤—Ä–æ–ø–µ–π—Å–∫—É—é), –°–º–µ—à–∞–Ω–Ω—É—é (–Ω–µ—Å–∫–æ–ª—å–∫–æ –∫—É–ª—å—Ç—É—Ä)","GNX, –∫–∞–π—Ñ–æ–≤—ã–µü§üü§™ü§ò"
23.11.2024 17:47:11,18‚Äì24,–ú—É–∂—Å–∫–æ–π,–ë–∞—Ç–∫–µ–Ω—Å–∫–∞—è –æ–±–ª–∞—Å—Ç—å,"–°—Ç—É–¥–µ–Ω—Ç, –†–∞–±–æ—Ç–∞—é—â–∏–π (–æ—Ñ–∏—Å/–ø—Ä–æ–∏–∑–≤–æ–¥—Å—Ç–≤–æ/—Å–µ—Ä–≤–∏—Å)","–†–æ–∫, –†—ç–ø/–•–∏–ø-—Ö–æ–ø, –Ø–ø–æ–Ω—Å–∫–∞—è –º—É–∑—ã–∫–∞(–æ–ø–µ–Ω–∏–Ω–≥, —ç–Ω–¥–∏–Ω–≥ –∏ —Ç–ø.)",–ï–∂–µ–¥–Ω–µ–≤–Ω–æ,"YouTube, Apple Music","–£—Å–ø–æ–∫–∞–∏–≤–∞–µ—Ç, –°–Ω–∏–º–∞–µ—Ç —Å—Ç—Ä–µ—Å—Å, –ù–µ –≤–ª–∏—è–µ—Ç",–†–∞–¥–æ—Å—Ç—å,"linkin park - runaway, new divide, cut the bridge 
maneskin - baby said, off my face, gasoline
p.o.d. - satellite ","–ó–∞–ø–∞–¥–Ω—É—é (–∞–º–µ—Ä–∏–∫–∞–Ω—Å–∫—É—é, –µ–≤—Ä–æ–ø–µ–π—Å–∫—É—é), –†—É—Å—Å–∫—É—é",linkin park - meteora    –≤—Ä—ã–≤ –¥—É—à–∏ :)
23.11.2024 17:47:48,18‚Äì24,–ú—É–∂—Å–∫–æ–π,–û—à—Å–∫–∞—è –æ–±–ª–∞—Å—Ç—å,"–°—Ç—É–¥–µ–Ω—Ç, –†–∞–±–æ—Ç–∞—é—â–∏–π (–æ—Ñ–∏—Å/–ø—Ä–æ–∏–∑–≤–æ–¥—Å—Ç–≤–æ/—Å–µ—Ä–≤–∏—Å)","–ü–æ–ø, –†–æ–∫, –†—ç–ø/–•–∏–ø-—Ö–æ–ø, –≠–ª–µ–∫—Ç—Ä–æ–Ω–Ω–∞—è –º—É–∑—ã–∫–∞",–ù–µ—Å–∫–æ–ª—å–∫–æ —Ä–∞–∑ –≤ –Ω–µ–¥–µ–ª—é,"YouTube, Spotify","–£—Å–ø–æ–∫–∞–∏–≤–∞–µ—Ç, –£–ª—É—á—à–∞–µ—Ç –Ω–∞—Å—Ç—Ä–æ–µ–Ω–∏–µ, –ü–æ–º–æ–≥–∞–µ—Ç —Å–æ—Å—Ä–µ–¥–æ—Ç–æ—á–∏—Ç—å—Å—è, –°–Ω–∏–º–∞–µ—Ç —Å—Ç—Ä–µ—Å—Å",–°–ø–æ–∫–æ–π—Å—Ç–≤–∏–µ,"Gatie, The weekend, Bruno Mars ","–ó–∞–ø–∞–¥–Ω—É—é (–∞–º–µ—Ä–∏–∫–∞–Ω—Å–∫—É—é, –µ–≤—Ä–æ–ø–µ–π—Å–∫—É—é)","–ù–µ—Ç—É —Ç–∞–∫–æ–≥–æ, —è –º–µ–ª–æ–º–∞–Ω"
23.11.2024 17:53:47,18‚Äì24,–ñ–µ–Ω—Å–∫–∏–π,–û—à—Å–∫–∞—è –æ–±–ª–∞—Å—Ç—å,–°—Ç—É–¥–µ–Ω—Ç,"–ü–æ–ø, –†—ç–ø/–•–∏–ø-—Ö–æ–ø, –ö–ª–∞—Å—Å–∏—á–µ—Å–∫–∞—è –º—É–∑—ã–∫–∞, –î–∂–∞–∑, –≠–ª–µ–∫—Ç—Ä–æ–Ω–Ω–∞—è –º—É–∑—ã–∫–∞",–ù–µ—Å–∫–æ–ª—å–∫–æ —Ä–∞–∑ –≤ –Ω–µ–¥–µ–ª—é,"YouTube, Apple Music","–£—Å–ø–æ–∫–∞–∏–≤–∞–µ—Ç, –£–ª—É—á—à–∞–µ—Ç –Ω–∞—Å—Ç—Ä–æ–µ–Ω–∏–µ, –°–Ω–∏–º–∞–µ—Ç —Å—Ç—Ä–µ—Å—Å",–í–¥–æ—Ö–Ω–æ–≤–µ–Ω–∏–µ,-,"–ó–∞–ø–∞–¥–Ω—É—é (–∞–º–µ—Ä–∏–∫–∞–Ω—Å–∫—É—é, –µ–≤—Ä–æ–ø–µ–π—Å–∫—É—é), –†—É—Å—Å–∫—É—é",-
23.11.2024 17:55:28,18‚Äì24,–ñ–µ–Ω—Å–∫–∏–π,–ß—É–π—Å–∫–∞—è –æ–±–ª–∞—Å—Ç—å,"–°—Ç—É–¥–µ–Ω—Ç, –†–∞–±–æ—Ç–∞—é—â–∏–π (–æ—Ñ–∏—Å/–ø—Ä–æ–∏–∑–≤–æ–¥—Å—Ç–≤–æ/—Å–µ—Ä–≤–∏—Å)",–†–æ–∫,–†–∞–∑ –≤ –Ω–µ–¥–µ–ª—é,–í–ö–æ–Ω—Ç–∞–∫—Ç–µ,–ù–µ –≤–ª–∏—è–µ—Ç,–ù–æ—Å—Ç–∞–ª—å–≥–∏—è,–¢–æ —á—Ç–æ –≤ –¢–∏–∫—Ç–æ–∫–µ,"–ó–∞–ø–∞–¥–Ω—É—é (–∞–º–µ—Ä–∏–∫–∞–Ω—Å–∫—É—é, –µ–≤—Ä–æ–ø–µ–π—Å–∫—É—é), –†—É—Å—Å–∫—É—é, –ò–∑ —Å–≤–æ–µ–π —Å—Ç—Ä–∞–Ω—ã (–ö—ã—Ä–≥—ã–∑—Å—Ç–∞–Ω)",–ù—Ä–∞–≤–∏—Ç—Å—è –ê–±–∏—Ä –ö–∞—Å–µ–Ω–æ–≤ ‚ù§Ô∏è‚Äçüî•‚ù§Ô∏è‚Äçüî•üíó
23.11.2024 17:56:22,18‚Äì24,–ú—É–∂—Å–∫–æ–π,–û—à—Å–∫–∞—è –æ–±–ª–∞—Å—Ç—å,–°—Ç—É–¥–µ–Ω—Ç,"–ü–æ–ø, –†—ç–ø/–•–∏–ø-—Ö–æ–ø, –Ø–ø–æ–Ω—Å–∫–∞—è –º—É–∑—ã–∫–∞(–æ–ø–µ–Ω–∏–Ω–≥, —ç–Ω–¥–∏–Ω–≥ –∏ —Ç–ø.)",–ï–∂–µ–¥–Ω–µ–≤–Ω–æ,"YouTube, Spotify, –í–ö–æ–Ω—Ç–∞–∫—Ç–µ, –õ–æ–∫–∞–ª—å–Ω—ã–µ —Ñ–∞–π–ª—ã –Ω–∞ —Ç–µ–ª–µ—Ñ–æ–Ω–µ/–∫–æ–º–ø—å—é—Ç–µ—Ä–µ","–£—Å–ø–æ–∫–∞–∏–≤–∞–µ—Ç, –ú–æ—Ç–∏–≤–∏—Ä—É–µ—Ç, –£–ª—É—á—à–∞–µ—Ç –Ω–∞—Å—Ç—Ä–æ–µ–Ω–∏–µ, –ü–æ–º–æ–≥–∞–µ—Ç —Å–æ—Å—Ä–µ–¥–æ—Ç–æ—á–∏—Ç—å—Å—è, –°–Ω–∏–º–∞–µ—Ç —Å—Ç—Ä–µ—Å—Å",–°–ø–æ–∫–æ–π—Å—Ç–≤–∏–µ,"Juice WRLD, Kendrick Lamar, DC The Don","–ó–∞–ø–∞–¥–Ω—É—é (–∞–º–µ—Ä–∏–∫–∞–Ω—Å–∫—É—é, –µ–≤—Ä–æ–ø–µ–π—Å–∫—É—é), –†—É—Å—Å–∫—É—é, –ò–∑ —Å–≤–æ–µ–π —Å—Ç—Ä–∞–Ω—ã (–ö—ã—Ä–≥—ã–∑—Å—Ç–∞–Ω), –°–º–µ—à–∞–Ω–Ω—É—é (–Ω–µ—Å–∫–æ–ª—å–∫–æ –∫—É–ª—å—Ç—É—Ä)","Goodbye and Good Riddance by Juice WRLD, Mr Morale and Big Steppers by Kendrick Lamar, MOW3 by DC The Don, Astroworld, Days Before Rodeo by Travis Scott"
23.11.2024 17:57:30,18‚Äì24,–ú—É–∂—Å–∫–æ–π,–û—à—Å–∫–∞—è –æ–±–ª–∞—Å—Ç—å,–°—Ç—É–¥–µ–Ω—Ç,"–ü–æ–ø, –ö–ª–∞—Å—Å–∏—á–µ—Å–∫–∞—è –º—É–∑—ã–∫–∞, –Ø–ø–æ–Ω—Å–∫–∞—è –º—É–∑—ã–∫–∞(–æ–ø–µ–Ω–∏–Ω–≥, —ç–Ω–¥–∏–Ω–≥ –∏ —Ç–ø.)",–ù–µ—Å–∫–æ–ª—å–∫–æ —Ä–∞–∑ –≤ –Ω–µ–¥–µ–ª—é,"YouTube, Spotify",–£–ª—É—á—à–∞–µ—Ç –Ω–∞—Å—Ç—Ä–æ–µ–Ω–∏–µ,–ù–æ—Å—Ç–∞–ª—å–≥–∏—è,-,"–ó–∞–ø–∞–¥–Ω—É—é (–∞–º–µ—Ä–∏–∫–∞–Ω—Å–∫—É—é, –µ–≤—Ä–æ–ø–µ–π—Å–∫—É—é), –°–º–µ—à–∞–Ω–Ω—É—é (–Ω–µ—Å–∫–æ–ª—å–∫–æ –∫—É–ª—å—Ç—É—Ä)",-
23.11.2024 17:58:27,18‚Äì24,–ñ–µ–Ω—Å–∫–∏–π,–î–∂–∞–ª–∞–ª-–ê–±–∞–¥—Å–∫–∞—è –æ–±–ª–∞—Å—Ç—å,–°—Ç—É–¥–µ–Ω—Ç,"–ü–æ–ø, –†—ç–ø/–•–∏–ø-—Ö–æ–ø",–ï–∂–µ–¥–Ω–µ–≤–Ω–æ,"YouTube, –Ø–Ω–¥–µ–∫—Å.–ú—É–∑—ã–∫–∞, –õ–æ–∫–∞–ª—å–Ω—ã–µ —Ñ–∞–π–ª—ã –Ω–∞ —Ç–µ–ª–µ—Ñ–æ–Ω–µ/–∫–æ–º–ø—å—é—Ç–µ—Ä–µ","–£—Å–ø–æ–∫–∞–∏–≤–∞–µ—Ç, –£–ª—É—á—à–∞–µ—Ç –Ω–∞—Å—Ç—Ä–æ–µ–Ω–∏–µ, –ü–æ–º–æ–≥–∞–µ—Ç —Å–æ—Å—Ä–µ–¥–æ—Ç–æ—á–∏—Ç—å—Å—è, –°–Ω–∏–º–∞–µ—Ç —Å—Ç—Ä–µ—Å—Å",–†–∞–¥–æ—Å—Ç—å,-,–°–º–µ—à–∞–Ω–Ω—É—é (–Ω–µ—Å–∫–æ–ª—å–∫–æ –∫—É–ª—å—Ç—É—Ä),-
23.11.2024 18:00:13,18‚Äì24,–ñ–µ–Ω—Å–∫–∏–π,–û—à—Å–∫–∞—è –æ–±–ª–∞—Å—Ç—å,–°—Ç—É–¥–µ–Ω—Ç,"–†—ç–ø/–•–∏–ø-—Ö–æ–ø, –ö–ª–∞—Å—Å–∏—á–µ—Å–∫–∞—è –º—É–∑—ã–∫–∞, –î—É—Ö–æ–≤–Ω–∞—è –º—É–∑—ã–∫–∞, –Ø–ø–æ–Ω—Å–∫–∞—è –º—É–∑—ã–∫–∞(–æ–ø–µ–Ω–∏–Ω–≥, —ç–Ω–¥–∏–Ω–≥ –∏ —Ç–ø.)",–ï–∂–µ–¥–Ω–µ–≤–Ω–æ,"YouTube, Spotify, –í–ö–æ–Ω—Ç–∞–∫—Ç–µ","–£–ª—É—á—à–∞–µ—Ç –Ω–∞—Å—Ç—Ä–æ–µ–Ω–∏–µ, –°–Ω–∏–º–∞–µ—Ç —Å—Ç—Ä–µ—Å—Å",–†–∞–¥–æ—Å—Ç—å,-,"–ó–∞–ø–∞–¥–Ω—É—é (–∞–º–µ—Ä–∏–∫–∞–Ω—Å–∫—É—é, –µ–≤—Ä–æ–ø–µ–π—Å–∫—É—é), –°–º–µ—à–∞–Ω–Ω—É—é (–Ω–µ—Å–∫–æ–ª—å–∫–æ –∫—É–ª—å—Ç—É—Ä)",-
23.11.2024 18:05:02,18‚Äì24,–ú—É–∂—Å–∫–æ–π,–ß—É–π—Å–∫–∞—è –æ–±–ª–∞—Å—Ç—å,–°—Ç—É–¥–µ–Ω—Ç,"–ü–æ–ø, –†—ç–ø/–•–∏–ø-—Ö–æ–ø, –ö–ª–∞—Å—Å–∏—á–µ—Å–∫–∞—è –º—É–∑—ã–∫–∞, –î—É—Ö–æ–≤–Ω–∞—è –º—É–∑—ã–∫–∞",–†–µ–¥–∫–æ,"YouTube, Spotify",–£–ª—É—á—à–∞–µ—Ç –Ω–∞—Å—Ç—Ä–æ–µ–Ω–∏–µ,–†–∞–¥–æ—Å—Ç—å,"I got Bitches , –Ø –±—å—é –∂–µ–Ω—â–∏–Ω –∏ –¥–µ—Ç–µ–π , –ì–∏–º–Ω –†–æ—Å—Å–∏–∏","–ó–∞–ø–∞–¥–Ω—É—é (–∞–º–µ—Ä–∏–∫–∞–Ω—Å–∫—É—é, –µ–≤—Ä–æ–ø–µ–π—Å–∫—É—é), –†—É—Å—Å–∫—É—é, –ò–∑ —Å–≤–æ–µ–π —Å—Ç—Ä–∞–Ω—ã (–ö—ã—Ä–≥—ã–∑—Å—Ç–∞–Ω), –°–º–µ—à–∞–Ω–Ω—É—é (–Ω–µ—Å–∫–æ–ª—å–∫–æ –∫—É–ª—å—Ç—É—Ä)",Donda
23.11.2024 18:05:24,18‚Äì24,–ñ–µ–Ω—Å–∫–∏–π,–ß—É–π—Å–∫–∞—è –æ–±–ª–∞—Å—Ç—å,–°—Ç—É–¥–µ–Ω—Ç,"–ü–æ–ø, –†–æ–∫, –≠–ª–µ–∫—Ç—Ä–æ–Ω–Ω–∞—è –º—É–∑—ã–∫–∞, –ù–∞—Ä–æ–¥–Ω–∞—è –º—É–∑—ã–∫–∞, –Ø–ø–æ–Ω—Å–∫–∞—è –º—É–∑—ã–∫–∞(–æ–ø–µ–Ω–∏–Ω–≥, —ç–Ω–¥–∏–Ω–≥ –∏ —Ç–ø.)",–†–µ–¥–∫–æ,"YouTube, –õ–æ–∫–∞–ª—å–Ω—ã–µ —Ñ–∞–π–ª—ã –Ω–∞ —Ç–µ–ª–µ—Ñ–æ–Ω–µ/–∫–æ–º–ø—å—é—Ç–µ—Ä–µ",–ù–µ –≤–ª–∏—è–µ—Ç,–°–ø–æ–∫–æ–π—Å—Ç–≤–∏–µ,-,–°–º–µ—à–∞–Ω–Ω—É—é (–Ω–µ—Å–∫–æ–ª—å–∫–æ –∫—É–ª—å—Ç—É—Ä),-
23.11.2024 18:07:08,18‚Äì24,–ú—É–∂—Å–∫–æ–π,–ß—É–π—Å–∫–∞—è –æ–±–ª–∞—Å—Ç—å,–°—Ç—É–¥–µ–Ω—Ç,–†—ç–ø/–•–∏–ø-—Ö–æ–ø,–ï–∂–µ–¥–Ω–µ–≤–Ω–æ,"YouTube, Spotify","–£—Å–ø–æ–∫–∞–∏–≤–∞–µ—Ç, –ú–æ—Ç–∏–≤–∏—Ä—É–µ—Ç, –£–ª—É—á—à–∞–µ—Ç –Ω–∞—Å—Ç—Ä–æ–µ–Ω–∏–µ, –°–Ω–∏–º–∞–µ—Ç —Å—Ç—Ä–µ—Å—Å",–≤–∞–π–±,—Å–µ—Ä–µ–≥–∞ –ø–∏—Ä–∞—Ç,"–ó–∞–ø–∞–¥–Ω—É—é (–∞–º–µ—Ä–∏–∫–∞–Ω—Å–∫—É—é, –µ–≤—Ä–æ–ø–µ–π—Å–∫—É—é)","—Å–µ—Ä–µ–≥–∞ –ø–∏—Ä–∞—Ç –ª—é–±–æ–π –∞–ª—å–±–æ–º, —Ç—É–ø–∞ –ª—é—Ç—ã–π –≤–∞–π–±"
23.11.2024 18:09:16,25‚Äì34,–ñ–µ–Ω—Å–∫–∏–π,–û—à—Å–∫–∞—è –æ–±–ª–∞—Å—Ç—å,–†–∞–±–æ—Ç–∞—é—â–∏–π (–æ—Ñ–∏—Å/–ø—Ä–æ–∏–∑–≤–æ–¥—Å—Ç–≤–æ/—Å–µ—Ä–≤–∏—Å),–ö–ª–∞—Å—Å–∏—á–µ—Å–∫–∞—è –º—É–∑—ã–∫–∞,–ï–∂–µ–¥–Ω–µ–≤–Ω–æ,YouTube,–£—Å–ø–æ–∫–∞–∏–≤–∞–µ—Ç,–†–∞–¥–æ—Å—Ç—å,-,–†—É—Å—Å–∫—É—é,–ñ—É—Ä–æ–≥—É–º
23.11.2024 18:09:21,18‚Äì24,–ú—É–∂—Å–∫–æ–π,–û—à—Å–∫–∞—è –æ–±–ª–∞—Å—Ç—å,–°—Ç—É–¥–µ–Ω—Ç,"–ü–æ–ø, –†–æ–∫, –†—ç–ø/–•–∏–ø-—Ö–æ–ø, –ö–ª–∞—Å—Å–∏—á–µ—Å–∫–∞—è –º—É–∑—ã–∫–∞, –≠–ª–µ–∫—Ç—Ä–æ–Ω–Ω–∞—è –º—É–∑—ã–∫–∞",–ï–∂–µ–¥–Ω–µ–≤–Ω–æ,"YouTube, Spotify, –Ø–Ω–¥–µ–∫—Å.–ú—É–∑—ã–∫–∞","–£—Å–ø–æ–∫–∞–∏–≤–∞–µ—Ç, –ú–æ—Ç–∏–≤–∏—Ä—É–µ—Ç, –£–ª—É—á—à–∞–µ—Ç –Ω–∞—Å—Ç—Ä–æ–µ–Ω–∏–µ, –ü–æ–º–æ–≥–∞–µ—Ç —Å–æ—Å—Ä–µ–¥–æ—Ç–æ—á–∏—Ç—å—Å—è",–†–∞–¥–æ—Å—Ç—å,–ø–∏—Ä–æ–∫–∏–Ω–µ–∑–∏—Å will Paquin Alex G,"–ó–∞–ø–∞–¥–Ω—É—é (–∞–º–µ—Ä–∏–∫–∞–Ω—Å–∫—É—é, –µ–≤—Ä–æ–ø–µ–π—Å–∫—É—é), –†—É—Å—Å–∫—É—é, –ò–∑ —Å–≤–æ–µ–π —Å—Ç—Ä–∞–Ω—ã (–ö—ã—Ä–≥—ã–∑—Å—Ç–∞–Ω), –°–º–µ—à–∞–Ω–Ω—É—é (–Ω–µ—Å–∫–æ–ª—å–∫–æ –∫—É–ª—å—Ç—É—Ä), ",-
23.11.2024 18:13:23,18‚Äì24,–ñ–µ–Ω—Å–∫–∏–π,–î–∂–∞–ª–∞–ª-–ê–±–∞–¥—Å–∫–∞—è –æ–±–ª–∞—Å—Ç—å,–°–∞–º–æ–∑–∞–Ω—è—Ç—ã–π/–ø—Ä–µ–¥–ø—Ä–∏–Ω–∏–º–∞—Ç–µ–ª—å,–î—É—Ö–æ–≤–Ω–∞—è –º—É–∑—ã–∫–∞,–ù–µ—Å–∫–æ–ª—å–∫–æ —Ä–∞–∑ –≤ –Ω–µ–¥–µ–ª—é,YouTube,–£—Å–ø–æ–∫–∞–∏–≤–∞–µ—Ç,–°–ø–æ–∫–æ–π—Å—Ç–≤–∏–µ,-,"–ó–∞–ø–∞–¥–Ω—É—é (–∞–º–µ—Ä–∏–∫–∞–Ω—Å–∫—É—é, –µ–≤—Ä–æ–ø–µ–π—Å–∫—É—é), –°–º–µ—à–∞–Ω–Ω—É—é (–Ω–µ—Å–∫–æ–ª—å–∫–æ –∫—É–ª—å—Ç—É—Ä)",üëåüëåüëå
23.11.2024 18:14:46,18‚Äì24,–ñ–µ–Ω—Å–∫–∏–π,–ò—Å—Å—ã–∫-–ö—É–ª—å—Å–∫–∞—è –æ–±–ª–∞—Å—Ç—å,–°—Ç—É–¥–µ–Ω—Ç,"–ü–æ–ø, –†—ç–ø/–•–∏–ø-—Ö–æ–ø, –î–∂–∞–∑, –§–æ–Ω–∫, –î—É—Ö–æ–≤–Ω–∞—è –º—É–∑—ã–∫–∞, –Ø–ø–æ–Ω—Å–∫–∞—è –º—É–∑—ã–∫–∞(–æ–ø–µ–Ω–∏–Ω–≥, —ç–Ω–¥–∏–Ω–≥ –∏ —Ç–ø.)",–ï–∂–µ–¥–Ω–µ–≤–Ω–æ,"Spotify, Apple Music","–£—Å–ø–æ–∫–∞–∏–≤–∞–µ—Ç, –ú–æ—Ç–∏–≤–∏—Ä—É–µ—Ç, –£–ª—É—á—à–∞–µ—Ç –Ω–∞—Å—Ç—Ä–æ–µ–Ω–∏–µ, –ü–æ–º–æ–≥–∞–µ—Ç —Å–æ—Å—Ä–µ–¥–æ—Ç–æ—á–∏—Ç—å—Å—è, –°–Ω–∏–º–∞–µ—Ç —Å—Ç—Ä–µ—Å—Å",–°–ø–æ–∫–æ–π—Å—Ç–≤–∏–µ,"—É —Å–µ–Ω—è –≤—Å–µ–≥–¥–∞ —Å–º–µ—à–∞–Ω–Ω—ã–π –ø–æ–µ–π–ª–∏—Å—Ç, —Ñ–∏–∫—Å–∏—Ä–æ–≤–∞—Ç—å –Ω–µ–≤–æ–∑–º–æ–∂–Ω–æ ","–ó–∞–ø–∞–¥–Ω—É—é (–∞–º–µ—Ä–∏–∫–∞–Ω—Å–∫—É—é, –µ–≤—Ä–æ–ø–µ–π—Å–∫—É—é)",–Ω–æ–≤—ã–π –∞–ª—å–±–æ–º –ë–∏–ª–ª–∏ –ê–π–ª–∏—à –ø—Ä–∏—à–µ–ª—Å—è –º–Ω–µ –ø–æ –¥—É—à–µ
23.11.2024 18:15:16,25‚Äì34,–ñ–µ–Ω—Å–∫–∏–π,–î–∂–∞–ª–∞–ª-–ê–±–∞–¥—Å–∫–∞—è –æ–±–ª–∞—Å—Ç—å,–ë–µ–∑—Ä–∞–±–æ—Ç–Ω—ã–π,–ö–ª–∞—Å—Å–∏—á–µ—Å–∫–∞—è –º—É–∑—ã–∫–∞,–†–µ–¥–∫–æ,YouTube,–£–ª—É—á—à–∞–µ—Ç –Ω–∞—Å—Ç—Ä–æ–µ–Ω–∏–µ,–†–∞–¥–æ—Å—Ç—å,-,–ò–∑ —Å–≤–æ–µ–π —Å—Ç—Ä–∞–Ω—ã (–ö—ã—Ä–≥—ã–∑—Å—Ç–∞–Ω),-
23.11.2024 18:15:36,25‚Äì34,–ñ–µ–Ω—Å–∫–∏–π,–û—à—Å–∫–∞—è –æ–±–ª–∞—Å—Ç—å,–†–∞–±–æ—Ç–∞—é—â–∏–π (–æ—Ñ–∏—Å/–ø—Ä–æ–∏–∑–≤–æ–¥—Å—Ç–≤–æ/—Å–µ—Ä–≤–∏—Å),–î—É—Ö–æ–≤–Ω–∞—è –º—É–∑—ã–∫–∞,–ù–µ—Å–∫–æ–ª—å–∫–æ —Ä–∞–∑ –≤ –Ω–µ–¥–µ–ª—é,"YouTube, Apple Music, –Ø–Ω–¥–µ–∫—Å.–ú—É–∑—ã–∫–∞","–ú–æ—Ç–∏–≤–∏—Ä—É–µ—Ç, –ü–æ–º–æ–≥–∞–µ—Ç —Å–æ—Å—Ä–µ–¥–æ—Ç–æ—á–∏—Ç—å—Å—è",–ù–æ—Å—Ç–∞–ª—å–≥–∏—è,-,–°–º–µ—à–∞–Ω–Ω—É—é (–Ω–µ—Å–∫–æ–ª—å–∫–æ –∫—É–ª—å—Ç—É—Ä),-
23.11.2024 18:15:49,18‚Äì24,–ñ–µ–Ω—Å–∫–∏–π,–ß—É–π—Å–∫–∞—è –æ–±–ª–∞—Å—Ç—å,"–°—Ç—É–¥–µ–Ω—Ç, –°–∞–º–æ–∑–∞–Ω—è—Ç—ã–π/–ø—Ä–µ–¥–ø—Ä–∏–Ω–∏–º–∞—Ç–µ–ª—å","–ü–æ–ø, –†–æ–∫, –†—ç–ø/–•–∏–ø-—Ö–æ–ø, –§–æ–Ω–∫",–ï–∂–µ–¥–Ω–µ–≤–Ω–æ,"YouTube, Apple Music",–£–ª—É—á—à–∞–µ—Ç –Ω–∞—Å—Ç—Ä–æ–µ–Ω–∏–µ,–†–∞–¥–æ—Å—Ç—å,"–æ–≥ –±—É–¥–∞, weekend, –µ–≥–æ—Ä","–ó–∞–ø–∞–¥–Ω—É—é (–∞–º–µ—Ä–∏–∫–∞–Ω—Å–∫—É—é, –µ–≤—Ä–æ–ø–µ–π—Å–∫—É—é)",-
23.11.2024 18:16:20,18‚Äì24,–ñ–µ–Ω—Å–∫–∏–π,–ß—É–π—Å–∫–∞—è –æ–±–ª–∞—Å—Ç—å,–°—Ç—É–¥–µ–Ω—Ç,"–ü–æ–ø, –†—ç–ø/–•–∏–ø-—Ö–æ–ø",–ï–∂–µ–¥–Ω–µ–≤–Ω–æ,YouTube,"–£—Å–ø–æ–∫–∞–∏–≤–∞–µ—Ç, –ú–æ—Ç–∏–≤–∏—Ä—É–µ—Ç, –£–ª—É—á—à–∞–µ—Ç –Ω–∞—Å—Ç—Ä–æ–µ–Ω–∏–µ, –ü–æ–º–æ–≥–∞–µ—Ç —Å–æ—Å—Ä–µ–¥–æ—Ç–æ—á–∏—Ç—å—Å—è, –°–Ω–∏–º–∞–µ—Ç —Å—Ç—Ä–µ—Å—Å",–í–¥–æ—Ö–Ω–æ–≤–µ–Ω–∏–µ,-,"–ó–∞–ø–∞–¥–Ω—É—é (–∞–º–µ—Ä–∏–∫–∞–Ω—Å–∫—É—é, –µ–≤—Ä–æ–ø–µ–π—Å–∫—É—é)",-
23.11.2024 18:20:56,18‚Äì24,–ñ–µ–Ω—Å–∫–∏–π,–û—à—Å–∫–∞—è –æ–±–ª–∞—Å—Ç—å,–†–∞–±–æ—Ç–∞—é—â–∏–π (–æ—Ñ–∏—Å/–ø—Ä–æ–∏–∑–≤–æ–¥—Å—Ç–≤–æ/—Å–µ—Ä–≤–∏—Å),"–ö–ª–∞—Å—Å–∏—á–µ—Å–∫–∞—è –º—É–∑—ã–∫–∞, –î–∂–∞–∑, –ù–∞—Ä–æ–¥–Ω–∞—è –º—É–∑—ã–∫–∞",–ï–∂–µ–¥–Ω–µ–≤–Ω–æ,YouTube,"–£—Å–ø–æ–∫–∞–∏–≤–∞–µ—Ç, –£–ª—É—á—à–∞–µ—Ç –Ω–∞—Å—Ç—Ä–æ–µ–Ω–∏–µ",–ì—Ä—É—Å—Ç—å, –ú–æ—Ç (—Å–ª—É—á–∞–π–Ω–æ—Å—Ç–∏ –Ω–µ —Å–ª—É—á–∞–π–Ω—ã ),"–ò–∑ —Å–≤–æ–µ–π —Å—Ç—Ä–∞–Ω—ã (–ö—ã—Ä–≥—ã–∑—Å—Ç–∞–Ω), –°–º–µ—à–∞–Ω–Ω—É—é (–Ω–µ—Å–∫–æ–ª—å–∫–æ –∫—É–ª—å—Ç—É—Ä)",–ú–æ—Ç (–∞–≤–≥—É—Å—Ç) 
23.11.2024 18:24:12,18‚Äì24,–ñ–µ–Ω—Å–∫–∏–π,–ù–∞—Ä—ã–Ω—Å–∫–∞—è –æ–±–ª–∞—Å—Ç—å,"–°—Ç—É–¥–µ–Ω—Ç, –ë–µ–∑—Ä–∞–±–æ—Ç–Ω—ã–π","–ü–æ–ø, –ö–ª–∞—Å—Å–∏—á–µ—Å–∫–∞—è –º—É–∑—ã–∫–∞",–ï–∂–µ–¥–Ω–µ–≤–Ω–æ,–õ–æ–∫–∞–ª—å–Ω—ã–µ —Ñ–∞–π–ª—ã –Ω–∞ —Ç–µ–ª–µ—Ñ–æ–Ω–µ/–∫–æ–º–ø—å—é—Ç–µ—Ä–µ,"–£—Å–ø–æ–∫–∞–∏–≤–∞–µ—Ç, –£–ª—É—á—à–∞–µ—Ç –Ω–∞—Å—Ç—Ä–æ–µ–Ω–∏–µ, –°–Ω–∏–º–∞–µ—Ç —Å—Ç—Ä–µ—Å—Å",–ù–æ—Å—Ç–∞–ª—å–≥–∏—è,-,"–ó–∞–ø–∞–¥–Ω—É—é (–∞–º–µ—Ä–∏–∫–∞–Ω—Å–∫—É—é, –µ–≤—Ä–æ–ø–µ–π—Å–∫—É—é), –†—É—Å—Å–∫—É—é, –ò–∑ —Å–≤–æ–µ–π —Å—Ç—Ä–∞–Ω—ã (–ö—ã—Ä–≥—ã–∑—Å—Ç–∞–Ω), –°–º–µ—à–∞–Ω–Ω—É—é (–Ω–µ—Å–∫–æ–ª—å–∫–æ –∫—É–ª—å—Ç—É—Ä)",-
23.11.2024 18:25:01,18‚Äì24,–ú—É–∂—Å–∫–æ–π,–û—à—Å–∫–∞—è –æ–±–ª–∞—Å—Ç—å,"–£—á–∞—â–∏–π—Å—è, –†–∞–±–æ—Ç–∞—é—â–∏–π (–æ—Ñ–∏—Å/–ø—Ä–æ–∏–∑–≤–æ–¥—Å—Ç–≤–æ/—Å–µ—Ä–≤–∏—Å)","–ü–æ–ø, –†—ç–ø/–•–∏–ø-—Ö–æ–ø, –î—É—Ö–æ–≤–Ω–∞—è –º—É–∑—ã–∫–∞, –†–µ–≥–≥–∏",–ï–∂–µ–¥–Ω–µ–≤–Ω–æ,"YouTube, –¢–µ–ª–µ–≥—Ä–∞–º–º –º–∞–∑–∞—Ñ–∞–∫–∞",–°–Ω–∏–º–∞–µ—Ç —Å—Ç—Ä–µ—Å—Å,–í—Å–µ –≤–∞—Ä–∏–∞–Ω—Ç—ã –≤–µ—Ä–Ω—ã ,–ó–∞ –ø–æ—Å–ª–µ–¥–Ω–∏–π –º–µ—Å—è—Ü —è –∫–∞–∂–¥—ã–π –¥–µ–Ω—å —Å–ª—É—à–∞—é –≤—Å–µ –ø–µ—Å–Ω–∏ –ú–æ–Ω–∞—Ç–∏–∫–∞,–í—Å–µ –≤–∞—Ä–∏–∞–Ω—Ç—ã –≤–µ—Ä–Ω—ã ,"–ú–Ω–µ –ø–æ–Ω—Ä–∞–≤–∏–ª—Å—è –ø–æ—Å–ª–µ–¥–Ω–∏–π –∞–ª—å–±–æ–º –õ–µ–≤–∞–Ω–∞ –ì–æ—Ä–æ–∑–∏—è ""–ú–∞–π–±–∞—Ö"" –Ω–∞–∑—ã–≤–∞–µ—Ç—Å—è "
23.11.2024 18:26:14,18‚Äì24,–ñ–µ–Ω—Å–∫–∏–π,–î–∂–∞–ª–∞–ª-–ê–±–∞–¥—Å–∫–∞—è –æ–±–ª–∞—Å—Ç—å,"–°—Ç—É–¥–µ–Ω—Ç, –†–∞–±–æ—Ç–∞—é—â–∏–π (–æ—Ñ–∏—Å/–ø—Ä–æ–∏–∑–≤–æ–¥—Å—Ç–≤–æ/—Å–µ—Ä–≤–∏—Å)","–ü–æ–ø, –†–æ–∫, –†—ç–ø/–•–∏–ø-—Ö–æ–ø, –ö–ª–∞—Å—Å–∏—á–µ—Å–∫–∞—è –º—É–∑—ã–∫–∞, –î–∂–∞–∑, –≠–ª–µ–∫—Ç—Ä–æ–Ω–Ω–∞—è –º—É–∑—ã–∫–∞, –ù–∞—Ä–æ–¥–Ω–∞—è –º—É–∑—ã–∫–∞, –§–æ–Ω–∫, –î—É—Ö–æ–≤–Ω–∞—è –º—É–∑—ã–∫–∞",–ï–∂–µ–¥–Ω–µ–≤–Ω–æ,"YouTube, Apple Music, ","–£—Å–ø–æ–∫–∞–∏–≤–∞–µ—Ç, –ú–æ—Ç–∏–≤–∏—Ä—É–µ—Ç, –£–ª—É—á—à–∞–µ—Ç –Ω–∞—Å—Ç—Ä–æ–µ–Ω–∏–µ, –ü–æ–º–æ–≥–∞–µ—Ç —Å–æ—Å—Ä–µ–¥–æ—Ç–æ—á–∏—Ç—å—Å—è, –°–Ω–∏–º–∞–µ—Ç —Å—Ç—Ä–µ—Å—Å",–†–∞–¥–æ—Å—Ç—å,"–≠—Ä–∫–∏–Ω –ú—É–∫–∞—à–µ–≤,–ë–∞—Ç—ã—Ä,–õ—é–º–∏–ª–∞","–ó–∞–ø–∞–¥–Ω—É—é (–∞–º–µ—Ä–∏–∫–∞–Ω—Å–∫—É—é, –µ–≤—Ä–æ–ø–µ–π—Å–∫—É—é)",BTS
23.11.2024 18:27:03,45‚Äì54,–ñ–µ–Ω—Å–∫–∏–π,–û—à—Å–∫–∞—è –æ–±–ª–∞—Å—Ç—å,–ë–µ–∑—Ä–∞–±–æ—Ç–Ω—ã–π,–ù–∞—Ä–æ–¥–Ω–∞—è –º—É–∑—ã–∫–∞,–†–µ–¥–∫–æ,–í–ö–æ–Ω—Ç–∞–∫—Ç–µ,–£–ª—É—á—à–∞–µ—Ç –Ω–∞—Å—Ç—Ä–æ–µ–Ω–∏–µ,–†–∞–¥–æ—Å—Ç—å,-,–ò–∑ —Å–≤–æ–µ–π —Å—Ç—Ä–∞–Ω—ã (–ö—ã—Ä–≥—ã–∑—Å—Ç–∞–Ω),-
23.11.2024 18:41:36,18‚Äì24,–ú—É–∂—Å–∫–æ–π,–û—à—Å–∫–∞—è –æ–±–ª–∞—Å—Ç—å,–°—Ç—É–¥–µ–Ω—Ç,"–†—ç–ø/–•–∏–ø-—Ö–æ–ø, –ö–ª–∞—Å—Å–∏—á–µ—Å–∫–∞—è –º—É–∑—ã–∫–∞",–ï–∂–µ–¥–Ω–µ–≤–Ω–æ,Telegram,"–£—Å–ø–æ–∫–∞–∏–≤–∞–µ—Ç, –£–ª—É—á—à–∞–µ—Ç –Ω–∞—Å—Ç—Ä–æ–µ–Ω–∏–µ, –°–Ω–∏–º–∞–µ—Ç —Å—Ç—Ä–µ—Å—Å",–†–∞–¥–æ—Å—Ç—å,-,"–ó–∞–ø–∞–¥–Ω—É—é (–∞–º–µ—Ä–∏–∫–∞–Ω—Å–∫—É—é, –µ–≤—Ä–æ–ø–µ–π—Å–∫—É—é)",–£—Ä–æ–±–æ—Ä–æ—Å 
23.11.2024 18:44:14,45‚Äì54,–ñ–µ–Ω—Å–∫–∏–π,–û—à—Å–∫–∞—è –æ–±–ª–∞—Å—Ç—å,–ü–µ–Ω—Å–∏–æ–Ω–µ—Ä,–ö–ª–∞—Å—Å–∏—á–µ—Å–∫–∞—è –º—É–∑—ã–∫–∞,–†–∞–∑ –≤ –Ω–µ–¥–µ–ª—é,YouTube,–£–ª—É—á—à–∞–µ—Ç –Ω–∞—Å—Ç—Ä–æ–µ–Ω–∏–µ,–†–∞–¥–æ—Å—Ç—å,-,–ò–∑ —Å–≤–æ–µ–π —Å—Ç—Ä–∞–Ω—ã (–ö—ã—Ä–≥—ã–∑—Å—Ç–∞–Ω),-
23.11.2024 19:19:31,18‚Äì24,–ñ–µ–Ω—Å–∫–∏–π,–û—à—Å–∫–∞—è –æ–±–ª–∞—Å—Ç—å,–°—Ç—É–¥–µ–Ω—Ç,"–ü–æ–ø, –†—ç–ø/–•–∏–ø-—Ö–æ–ø, –ö–ª–∞—Å—Å–∏—á–µ—Å–∫–∞—è –º—É–∑—ã–∫–∞",–ï–∂–µ–¥–Ω–µ–≤–Ω–æ,"YouTube, Spotify, –í–ö–æ–Ω—Ç–∞–∫—Ç–µ","–£—Å–ø–æ–∫–∞–∏–≤–∞–µ—Ç, –£–ª—É—á—à–∞–µ—Ç –Ω–∞—Å—Ç—Ä–æ–µ–Ω–∏–µ, –°–Ω–∏–º–∞–µ—Ç —Å—Ç—Ä–µ—Å—Å",–†–∞–¥–æ—Å—Ç—å,"Arctic Monkeys,Bruno mars,–º–∏—Ä–±–µ–∫ –∞—Ç–∞–±–µ–∫–æ–≤","–ó–∞–ø–∞–¥–Ω—É—é (–∞–º–µ—Ä–∏–∫–∞–Ω—Å–∫—É—é, –µ–≤—Ä–æ–ø–µ–π—Å–∫—É—é), –†—É—Å—Å–∫—É—é",‚Ä¶
23.11.2024 19:21:44,–¥–æ 18,–ñ–µ–Ω—Å–∫–∏–π,–ß—É–π—Å–∫–∞—è –æ–±–ª–∞—Å—Ç—å,–°—Ç—É–¥–µ–Ω—Ç,"–ü–æ–ø, –ö–ª–∞—Å—Å–∏—á–µ—Å–∫–∞—è –º—É–∑—ã–∫–∞, –ù–∞—Ä–æ–¥–Ω–∞—è –º—É–∑—ã–∫–∞, –Ø–ø–æ–Ω—Å–∫–∞—è –º—É–∑—ã–∫–∞(–æ–ø–µ–Ω–∏–Ω–≥, —ç–Ω–¥–∏–Ω–≥ –∏ —Ç–ø.)",–ù–µ—Å–∫–æ–ª—å–∫–æ —Ä–∞–∑ –≤ –Ω–µ–¥–µ–ª—é,"YouTube, –¢–µ–ª–µ–≥—Ä–∞–º","–£—Å–ø–æ–∫–∞–∏–≤–∞–µ—Ç, –ú–æ—Ç–∏–≤–∏—Ä—É–µ—Ç, –£–ª—É—á—à–∞–µ—Ç –Ω–∞—Å—Ç—Ä–æ–µ–Ω–∏–µ",–ù–æ—Å—Ç–∞–ª—å–≥–∏—è,Madison Beer Blackpink ninety one ,"–°–º–µ—à–∞–Ω–Ω—É—é (–Ω–µ—Å–∫–æ–ª—å–∫–æ –∫—É–ª—å—Ç—É—Ä), –ö–∞–∑–∞—Ö—Å–∫—É—é",K pop —Ç–µ–º–∞
23.11.2024 19:24:59,18‚Äì24,–ñ–µ–Ω—Å–∫–∏–π,–î–∂–∞–ª–∞–ª-–ê–±–∞–¥—Å–∫–∞—è –æ–±–ª–∞—Å—Ç—å,–°—Ç—É–¥–µ–Ω—Ç,"–ö–ª–∞—Å—Å–∏—á–µ—Å–∫–∞—è –º—É–∑—ã–∫–∞, –î–∂–∞–∑, –î—É—Ö–æ–≤–Ω–∞—è –º—É–∑—ã–∫–∞",–ù–µ—Å–∫–æ–ª—å–∫–æ —Ä–∞–∑ –≤ –Ω–µ–¥–µ–ª—é,"YouTube, Spotify","–£—Å–ø–æ–∫–∞–∏–≤–∞–µ—Ç, –£–ª—É—á—à–∞–µ—Ç –Ω–∞—Å—Ç—Ä–æ–µ–Ω–∏–µ",–°–ø–æ–∫–æ–π—Å—Ç–≤–∏–µ,"–ë–∏—Ä –∞–π–¥–∞
ƒ∞slanmƒ±yor bu
18–º–Ω–µ —É–∂–µ",–°–º–µ—à–∞–Ω–Ω—É—é (–Ω–µ—Å–∫–æ–ª—å–∫–æ –∫—É–ª—å—Ç—É—Ä),–î–∞–∂–µ –Ω–µ –∑–Ω–∞—é 
23.11.2024 19:32:21,–¥–æ 18,–ñ–µ–Ω—Å–∫–∏–π,–û—à—Å–∫–∞—è –æ–±–ª–∞—Å—Ç—å,–£—á–∞—â–∏–π—Å—è,–ö–ª–∞—Å—Å–∏—á–µ—Å–∫–∞—è –º—É–∑—ã–∫–∞,–ù–µ—Å–∫–æ–ª—å–∫–æ —Ä–∞–∑ –≤ –Ω–µ–¥–µ–ª—é,YouTube,–£—Å–ø–æ–∫–∞–∏–≤–∞–µ—Ç,–°–ø–æ–∫–æ–π—Å—Ç–≤–∏–µ,-,"–ó–∞–ø–∞–¥–Ω—É—é (–∞–º–µ—Ä–∏–∫–∞–Ω—Å–∫—É—é, –µ–≤—Ä–æ–ø–µ–π—Å–∫—É—é), –†—É—Å—Å–∫—É—é, –ò–∑ —Å–≤–æ–µ–π —Å—Ç—Ä–∞–Ω—ã (–ö—ã—Ä–≥—ã–∑—Å—Ç–∞–Ω), –°–º–µ—à–∞–Ω–Ω—É—é (–Ω–µ—Å–∫–æ–ª—å–∫–æ –∫—É–ª—å—Ç—É—Ä)",-
23.11.2024 19:34:55,18‚Äì24,–ñ–µ–Ω—Å–∫–∏–π,–û—à—Å–∫–∞—è –æ–±–ª–∞—Å—Ç—å,–ë–µ–∑—Ä–∞–±–æ—Ç–Ω—ã–π,–î—É—Ö–æ–≤–Ω–∞—è –º—É–∑—ã–∫–∞,–†–µ–¥–∫–æ,YouTube,–ù–µ –≤–ª–∏—è–µ—Ç,–ù–æ—Å—Ç–∞–ª—å–≥–∏—è,–≠—Ä—Ç–µ“£–∏–º,"–ò–∑ —Å–≤–æ–µ–π —Å—Ç—Ä–∞–Ω—ã (–ö—ã—Ä–≥—ã–∑—Å—Ç–∞–Ω), –°–º–µ—à–∞–Ω–Ω—É—é (–Ω–µ—Å–∫–æ–ª—å–∫–æ –∫—É–ª—å—Ç—É—Ä)",-
23.11.2024 19:39:38,18‚Äì24,–ñ–µ–Ω—Å–∫–∏–π,–î–∂–∞–ª–∞–ª-–ê–±–∞–¥—Å–∫–∞—è –æ–±–ª–∞—Å—Ç—å,–°—Ç—É–¥–µ–Ω—Ç,"–ü–æ–ø, –†–æ–∫, –Ø–ø–æ–Ω—Å–∫–∞—è –º—É–∑—ã–∫–∞(–æ–ø–µ–Ω–∏–Ω–≥, —ç–Ω–¥–∏–Ω–≥ –∏ —Ç–ø.)",–ù–µ—Å–∫–æ–ª—å–∫–æ —Ä–∞–∑ –≤ –Ω–µ–¥–µ–ª—é,YouTube,"–ú–æ—Ç–∏–≤–∏—Ä—É–µ—Ç, –£–ª—É—á—à–∞–µ—Ç –Ω–∞—Å—Ç—Ä–æ–µ–Ω–∏–µ",–†–∞–¥–æ—Å—Ç—å,"Weekend, Ariana Grande, Chungha","–ó–∞–ø–∞–¥–Ω—É—é (–∞–º–µ—Ä–∏–∫–∞–Ω—Å–∫—É—é, –µ–≤—Ä–æ–ø–µ–π—Å–∫—É—é), –ò–∑ —Å–≤–æ–µ–π —Å—Ç—Ä–∞–Ω—ã (–ö—ã—Ä–≥—ã–∑—Å—Ç–∞–Ω), –ö–æ—Ä–µ–π—Å–∫—É—é",–Ø –Ω–µ —Å–ª—É—à–∞—é –ø–æ –∞–ª—å–±–æ–º—É
23.11.2024 19:39:51,25‚Äì34,–ú—É–∂—Å–∫–æ–π,–û—à—Å–∫–∞—è –æ–±–ª–∞—Å—Ç—å,–†–∞–±–æ—Ç–∞—é—â–∏–π (–æ—Ñ–∏—Å/–ø—Ä–æ–∏–∑–≤–æ–¥—Å—Ç–≤–æ/—Å–µ—Ä–≤–∏—Å),"–ü–æ–ø, –ö–ª–∞—Å—Å–∏—á–µ—Å–∫–∞—è –º—É–∑—ã–∫–∞, –î–∂–∞–∑",–ï–∂–µ–¥–Ω–µ–≤–Ω–æ,"YouTube, –í–ö–æ–Ω—Ç–∞–∫—Ç–µ",–ú–æ—Ç–∏–≤–∏—Ä—É–µ—Ç,–†–∞–¥–æ—Å—Ç—å,-,–†—É—Å—Å–∫—É—é,-
23.11.2024 19:40:54,18‚Äì24,–ú—É–∂—Å–∫–æ–π,–ò—Å—Å—ã–∫-–ö—É–ª—å—Å–∫–∞—è –æ–±–ª–∞—Å—Ç—å,–°—Ç—É–¥–µ–Ω—Ç,"–†–æ–∫, –†—ç–ø/–•–∏–ø-—Ö–æ–ø, –ö–ª–∞—Å—Å–∏—á–µ—Å–∫–∞—è –º—É–∑—ã–∫–∞, –î–∂–∞–∑, –≠–ª–µ–∫—Ç—Ä–æ–Ω–Ω–∞—è –º—É–∑—ã–∫–∞",–ï–∂–µ–¥–Ω–µ–≤–Ω–æ,"YouTube, Spotify, –¢–µ–ª–µ–≥—Ä–∞–º","–£—Å–ø–æ–∫–∞–∏–≤–∞–µ—Ç, –ú–æ—Ç–∏–≤–∏—Ä—É–µ—Ç, –£–ª—É—á—à–∞–µ—Ç –Ω–∞—Å—Ç—Ä–æ–µ–Ω–∏–µ, –ü–æ–º–æ–≥–∞–µ—Ç —Å–æ—Å—Ä–µ–¥–æ—Ç–æ—á–∏—Ç—å—Å—è, –°–Ω–∏–º–∞–µ—Ç —Å—Ç—Ä–µ—Å—Å",–¶–µ–ª—å–Ω–æ—Å—Ç—å ,"Current joys, —Ö–∞—Å–∫–∏, aphex twin ","–ó–∞–ø–∞–¥–Ω—É—é (–∞–º–µ—Ä–∏–∫–∞–Ω—Å–∫—É—é, –µ–≤—Ä–æ–ø–µ–π—Å–∫—É—é), –†—É—Å—Å–∫—É—é",–°–ª–æ–∂–Ω–æ –≤—ã–±—Ä–∞—Ç—å. –ù–æ –ø—É—Å—Ç—å –±—É–¥–µ—Ç deathconsciousness –≥—Ä—É–ø–ø—ã have a nice life. –í—ã–∑—ã–≤–∞–µ—Ç –Ω–µ–æ–±—ã—á–Ω–æ–µ –æ—â—É—â–µ–Ω–∏–µ. –ù–µ—á—Ç–æ –ø–æ—Ö–æ–∂–µ–µ –Ω–∞ –º–µ–ª–∞–Ω—Ö–æ–ª–∏—é
23.11.2024 19:43:32,18‚Äì24,–ñ–µ–Ω—Å–∫–∏–π,–û—à—Å–∫–∞—è –æ–±–ª–∞—Å—Ç—å,–°—Ç—É–¥–µ–Ω—Ç,"–ù–∞—Ä–æ–¥–Ω–∞—è –º—É–∑—ã–∫–∞, –î—É—Ö–æ–≤–Ω–∞—è –º—É–∑—ã–∫–∞",–ï–∂–µ–¥–Ω–µ–≤–Ω–æ,YouTube,"–ú–æ—Ç–∏–≤–∏—Ä—É–µ—Ç, –£–ª—É—á—à–∞–µ—Ç –Ω–∞—Å—Ç—Ä–æ–µ–Ω–∏–µ, –ü–æ–º–æ–≥–∞–µ—Ç —Å–æ—Å—Ä–µ–¥–æ—Ç–æ—á–∏—Ç—å—Å—è, –°–Ω–∏–º–∞–µ—Ç —Å—Ç—Ä–µ—Å—Å",–†–∞–¥–æ—Å—Ç—å,"–õ–∏–ª–∏—è, –ø–µ—Å–Ω–∏ –º–∞—Ç—Ä–∞–Ω–≥–∞ ","–ó–∞–ø–∞–¥–Ω—É—é (–∞–º–µ—Ä–∏–∫–∞–Ω—Å–∫—É—é, –µ–≤—Ä–æ–ø–µ–π—Å–∫—É—é), –†—É—Å—Å–∫—É—é, –ò–∑ —Å–≤–æ–µ–π —Å—Ç—Ä–∞–Ω—ã (–ö—ã—Ä–≥—ã–∑—Å—Ç–∞–Ω)",–¢—É—Ä–µ—Ü–∫–∏–µ –¥—É—à–µ–≤–Ω—ã–µ –ø–µ—Å–Ω–∏ 
23.11.2024 20:13:29,18‚Äì24,–ú—É–∂—Å–∫–æ–π,–ß—É–π—Å–∫–∞—è –æ–±–ª–∞—Å—Ç—å,"–°—Ç—É–¥–µ–Ω—Ç, –ë–µ–∑—Ä–∞–±–æ—Ç–Ω—ã–π","–†–æ–∫, –†—ç–ø/–•–∏–ø-—Ö–æ–ø",–ï–∂–µ–¥–Ω–µ–≤–Ω–æ,Spotify,–ü–æ–º–æ–≥–∞–µ—Ç —Å–æ—Å—Ä–µ–¥–æ—Ç–æ—á–∏—Ç—å—Å—è,–ù–æ—Å—Ç–∞–ª—å–≥–∏—è,"GMFU, Haunted house, Black rover","–ó–∞–ø–∞–¥–Ω—É—é (–∞–º–µ—Ä–∏–∫–∞–Ω—Å–∫—É—é, –µ–≤—Ä–æ–ø–µ–π—Å–∫—É—é)",I love you. (The neighborhood). –°—Ç—Ä–æ–≥–æ –ø–æ–ª–æ–∂–∏—Ç–µ–ª—å–Ω—ã–µ
23.11.2024 21:29:53,18‚Äì24,–ú—É–∂—Å–∫–æ–π,–û—à—Å–∫–∞—è –æ–±–ª–∞—Å—Ç—å,–†–∞–±–æ—Ç–∞—é—â–∏–π (–æ—Ñ–∏—Å/–ø—Ä–æ–∏–∑–≤–æ–¥—Å—Ç–≤–æ/—Å–µ—Ä–≤–∏—Å),–†—ç–ø/–•–∏–ø-—Ö–æ–ø,–ï–∂–µ–¥–Ω–µ–≤–Ω–æ,Spotify,"–£—Å–ø–æ–∫–∞–∏–≤–∞–µ—Ç, –£–ª—É—á—à–∞–µ—Ç –Ω–∞—Å—Ç—Ä–æ–µ–Ω–∏–µ, –ü–æ–º–æ–≥–∞–µ—Ç —Å–æ—Å—Ä–µ–¥–æ—Ç–æ—á–∏—Ç—å—Å—è",–í–¥–æ—Ö–Ω–æ–≤–µ–Ω–∏–µ,"Future - LIL DEMON, Desiigner - Tiimmy Turner 2, Kai Angel&9mice - Homecoming",–°–º–µ—à–∞–Ω–Ω—É—é (–Ω–µ—Å–∫–æ–ª—å–∫–æ –∫—É–ª—å—Ç—É—Ä),"PHARAOH - PHOSPHOR, —É–¥–∏–≤–ª–µ–Ω–∏–µ "
23.11.2024 22:25:37,18‚Äì24,–ñ–µ–Ω—Å–∫–∏–π,–û—à—Å–∫–∞—è –æ–±–ª–∞—Å—Ç—å,–°—Ç—É–¥–µ–Ω—Ç,"–ü–æ–ø, –†—ç–ø/–•–∏–ø-—Ö–æ–ø",–ï–∂–µ–¥–Ω–µ–≤–Ω–æ,"YouTube, Apple Music, –õ–æ–∫–∞–ª—å–Ω—ã–µ —Ñ–∞–π–ª—ã –Ω–∞ —Ç–µ–ª–µ—Ñ–æ–Ω–µ/–∫–æ–º–ø—å—é—Ç–µ—Ä–µ","–£—Å–ø–æ–∫–∞–∏–≤–∞–µ—Ç, –£–ª—É—á—à–∞–µ—Ç –Ω–∞—Å—Ç—Ä–æ–µ–Ω–∏–µ, –°–Ω–∏–º–∞–µ—Ç —Å—Ç—Ä–µ—Å—Å",–í–¥–æ—Ö–Ω–æ–≤–µ–Ω–∏–µ,"Chris Brown, Ulukmanapo, Macan","–ó–∞–ø–∞–¥–Ω—É—é (–∞–º–µ—Ä–∏–∫–∞–Ω—Å–∫—É—é, –µ–≤—Ä–æ–ø–µ–π—Å–∫—É—é), –†—É—Å—Å–∫—É—é, –ò–∑ —Å–≤–æ–µ–π —Å—Ç—Ä–∞–Ω—ã (–ö—ã—Ä–≥—ã–∑—Å—Ç–∞–Ω), –°–º–µ—à–∞–Ω–Ω—É—é (–Ω–µ—Å–∫–æ–ª—å–∫–æ –∫—É–ª—å—Ç—É—Ä)",Bts- Love yourself. –í—ã–∑—ã–≤–∞–µ—Ç –Ω–æ—Å—Ç–∞–ª—å–≥–∏—é
23.11.2024 22:33:48,18‚Äì24,–ñ–µ–Ω—Å–∫–∏–π,–ß—É–π—Å–∫–∞—è –æ–±–ª–∞—Å—Ç—å,"–°—Ç—É–¥–µ–Ω—Ç, –†–∞–±–æ—Ç–∞—é—â–∏–π (–æ—Ñ–∏—Å/–ø—Ä–æ–∏–∑–≤–æ–¥—Å—Ç–≤–æ/—Å–µ—Ä–≤–∏—Å)","–ü–æ–ø, –†—ç–ø/–•–∏–ø-—Ö–æ–ø, –§–æ–Ω–∫",–ï–∂–µ–¥–Ω–µ–≤–Ω–æ,"YouTube, –õ–æ–∫–∞–ª—å–Ω—ã–µ —Ñ–∞–π–ª—ã –Ω–∞ —Ç–µ–ª–µ—Ñ–æ–Ω–µ/–∫–æ–º–ø—å—é—Ç–µ—Ä–µ","–£—Å–ø–æ–∫–∞–∏–≤–∞–µ—Ç, –ú–æ—Ç–∏–≤–∏—Ä—É–µ—Ç, –£–ª—É—á—à–∞–µ—Ç –Ω–∞—Å—Ç—Ä–æ–µ–Ω–∏–µ, –°–Ω–∏–º–∞–µ—Ç —Å—Ç—Ä–µ—Å—Å",–°–ø–æ–∫–æ–π—Å—Ç–≤–∏–µ,"billie eilish - watch, the neighbourhood - cry baby, olly alexander - breathe ","–ó–∞–ø–∞–¥–Ω—É—é (–∞–º–µ—Ä–∏–∫–∞–Ω—Å–∫—É—é, –µ–≤—Ä–æ–ø–µ–π—Å–∫—É—é), –†—É—Å—Å–∫—É—é","Starboy - The Weeknd, –ø–æ–ª–æ–∂–∏—Ç–µ–ª—å–Ω—ã–µ "
23.11.2024 22:47:08,18‚Äì24,–ñ–µ–Ω—Å–∫–∏–π,–û—à—Å–∫–∞—è –æ–±–ª–∞—Å—Ç—å,–†–∞–±–æ—Ç–∞—é—â–∏–π (–æ—Ñ–∏—Å/–ø—Ä–æ–∏–∑–≤–æ–¥—Å—Ç–≤–æ/—Å–µ—Ä–≤–∏—Å),–ö–ª–∞—Å—Å–∏—á–µ—Å–∫–∞—è –º—É–∑—ã–∫–∞,–ï–∂–µ–¥–Ω–µ–≤–Ω–æ,"YouTube, Spotify",–£—Å–ø–æ–∫–∞–∏–≤–∞–µ—Ç,–°–ø–æ–∫–æ–π—Å—Ç–≤–∏–µ,"–ë–µ–∫ –ë–æ—Ä–±–∏–µ–≤ –∫–æ–ø–æ–ª–æ–∫—Ç–æ—Ä
–°–∞–≥—ã–Ω —ç—Ä–≥–µ—à–æ–≤ —Å–µ–Ω–∏ —Å—É–π–æ–º 
–°–∞—à–∞ –°–∞–Ω—Ç–∞ —Å—á–∞—Å—Ç–ª–∏–≤—ã–º–∏ ",–ò–∑ —Å–≤–æ–µ–π —Å—Ç—Ä–∞–Ω—ã (–ö—ã—Ä–≥—ã–∑—Å—Ç–∞–Ω),–ù–µ—Ç—É
23.11.2024 23:38:50,18‚Äì24,–ú—É–∂—Å–∫–æ–π,–û—à—Å–∫–∞—è –æ–±–ª–∞—Å—Ç—å,–°–∞–º–æ–∑–∞–Ω—è—Ç—ã–π/–ø—Ä–µ–¥–ø—Ä–∏–Ω–∏–º–∞—Ç–µ–ª—å,–ü–æ–ø,–†–µ–¥–∫–æ,"YouTube, –Ø–Ω–¥–µ–∫—Å.–ú—É–∑—ã–∫–∞",–ù–µ –≤–ª–∏—è–µ—Ç,–ß—É–≤—Å—Ç–≤—É—é —á—Ç–æ —Å–æ–≤–µ—Ä—à–∞—é –≥—Ä–µ—Ö,ANIKV,–ü—Ä–µ–¥–ø–æ—á–∏—Ç–∞—é –Ω–µ —Å–ª—É—à–∞—Ç—å,–ù–µ—Ç—É
23.11.2024 23:41:39,–¥–æ 18,–ú—É–∂—Å–∫–æ–π,–û—à—Å–∫–∞—è –æ–±–ª–∞—Å—Ç—å,–°–∞–º–æ–∑–∞–Ω—è—Ç—ã–π/–ø—Ä–µ–¥–ø—Ä–∏–Ω–∏–º–∞—Ç–µ–ª—å,–ü–æ–ø,–†–µ–¥–∫–æ,"YouTube, –Ø–Ω–¥–µ–∫—Å.–ú—É–∑—ã–∫–∞",–ù–µ –≤–ª–∏—è–µ—Ç,–ì—Ä–µ—Ö,–Ø –ø–µ—Ä–µ—Å—Ç–∞–ª —Å–ª—É—à–∞—Ç—å –º—É–∑—ã–∫—É,–°–º–µ—à–∞–Ω–Ω—É—é (–Ω–µ—Å–∫–æ–ª—å–∫–æ –∫—É–ª—å—Ç—É—Ä),–ù–µ—Ç—É –ª—é–±–∏–º–æ–≥–æ
24.11.2024 0:53:40,18‚Äì24,–ú—É–∂—Å–∫–æ–π,–ß—É–π—Å–∫–∞—è –æ–±–ª–∞—Å—Ç—å,–°—Ç—É–¥–µ–Ω—Ç,"–†–æ–∫, –î–∂–∞–∑, –≠–ª–µ–∫—Ç—Ä–æ–Ω–Ω–∞—è –º—É–∑—ã–∫–∞, –§–æ–Ω–∫, –Ø–ø–æ–Ω—Å–∫–∞—è –º—É–∑—ã–∫–∞(–æ–ø–µ–Ω–∏–Ω–≥, —ç–Ω–¥–∏–Ω–≥ –∏ —Ç–ø.)",–ï–∂–µ–¥–Ω–µ–≤–Ω–æ,"YouTube, Spotify, –Ø–Ω–¥–µ–∫—Å.–ú—É–∑—ã–∫–∞","–£—Å–ø–æ–∫–∞–∏–≤–∞–µ—Ç, –ú–æ—Ç–∏–≤–∏—Ä—É–µ—Ç, –£–ª—É—á—à–∞–µ—Ç –Ω–∞—Å—Ç—Ä–æ–µ–Ω–∏–µ, –ü–æ–º–æ–≥–∞–µ—Ç —Å–æ—Å—Ä–µ–¥–æ—Ç–æ—á–∏—Ç—å—Å—è, –°–Ω–∏–º–∞–µ—Ç —Å—Ç—Ä–µ—Å—Å",–†–∞–¥–æ—Å—Ç—å,"–°–æ–ª–Ω—Ü–µ ""–ü–µ—Ä–µ–º–æ—Ç–∫–∞"", 
–¢–≤–æ–π –≤–∑–≥–ª—è–¥ ""–°–æ–≤–∞""
–ó–∞—Å–∞–¥–∞ ""–¢–í–û–ò –ö–û–®–ú–ê–†–´""","–ó–∞–ø–∞–¥–Ω—É—é (–∞–º–µ—Ä–∏–∫–∞–Ω—Å–∫—É—é, –µ–≤—Ä–æ–ø–µ–π—Å–∫—É—é), –†—É—Å—Å–∫—É—é, –ò–∑ —Å–≤–æ–µ–π —Å—Ç—Ä–∞–Ω—ã (–ö—ã—Ä–≥—ã–∑—Å—Ç–∞–Ω), –°–º–µ—à–∞–Ω–Ω—É—é (–Ω–µ—Å–∫–æ–ª—å–∫–æ –∫—É–ª—å—Ç—É—Ä)","–ê–ª—å–±–æ–º (–ì–ª–∞–≤–Ω—ã–π –≥–µ—Ä–æ–π) –æ—Ç –≥—Ä—É–ø–ø—ã ""–°–æ–≤–∞"".

–î–∞–Ω–Ω—ã–π –∞–ª—å–±–æ–º –≤—ã–∑–≤–∞–ª —É –º–µ–Ω—è —ç–º–æ—Ü–∏–∏ —Ä–∞–¥–æ—Å—Ç–∏, –Ω–æ—Å—Ç–∞–ª—å–≥–∏–∏, –ª—é–±–≤–∏, —Å–ø–æ–∫–æ–π—Å—Ç–≤–∏—è, —Å—á–∞—Å—Ç—å—è"
24.11.2024 1:11:59,18‚Äì24,–ú—É–∂—Å–∫–æ–π,–û—à—Å–∫–∞—è –æ–±–ª–∞—Å—Ç—å,–°—Ç—É–¥–µ–Ω—Ç,"–ü–æ–ø, –†—ç–ø/–•–∏–ø-—Ö–æ–ø, –ö–ª–∞—Å—Å–∏—á–µ—Å–∫–∞—è –º—É–∑—ã–∫–∞, –≠–ª–µ–∫—Ç—Ä–æ–Ω–Ω–∞—è –º—É–∑—ã–∫–∞, –†–µ–≥–≥–∏, –Ø–ø–æ–Ω—Å–∫–∞—è –º—É–∑—ã–∫–∞(–æ–ø–µ–Ω–∏–Ω–≥, —ç–Ω–¥–∏–Ω–≥ –∏ —Ç–ø.)",–ï–∂–µ–¥–Ω–µ–≤–Ω–æ,"YouTube, –õ–æ–∫–∞–ª—å–Ω—ã–µ —Ñ–∞–π–ª—ã –Ω–∞ —Ç–µ–ª–µ—Ñ–æ–Ω–µ/–∫–æ–º–ø—å—é—Ç–µ—Ä–µ","–£—Å–ø–æ–∫–∞–∏–≤–∞–µ—Ç, –£–ª—É—á—à–∞–µ—Ç –Ω–∞—Å—Ç—Ä–æ–µ–Ω–∏–µ, –°–Ω–∏–º–∞–µ—Ç —Å—Ç—Ä–µ—Å—Å",–í–¥–æ—Ö–Ω–æ–≤–µ–Ω–∏–µ,"–ú–∏—è–≥–∏: Texture, All the time, Minor","–ó–∞–ø–∞–¥–Ω—É—é (–∞–º–µ—Ä–∏–∫–∞–Ω—Å–∫—É—é, –µ–≤—Ä–æ–ø–µ–π—Å–∫—É—é), –°–º–µ—à–∞–Ω–Ω—É—é (–Ω–µ—Å–∫–æ–ª—å–∫–æ –∫—É–ª—å—Ç—É—Ä), ",Buster Keaton by Miyagi 
24.11.2024 4:09:18,18‚Äì24,–ú—É–∂—Å–∫–æ–π,–î–∂–∞–ª–∞–ª-–ê–±–∞–¥—Å–∫–∞—è –æ–±–ª–∞—Å—Ç—å,"–£—á–∞—â–∏–π—Å—è, –°—Ç—É–¥–µ–Ω—Ç, –†–∞–±–æ—Ç–∞—é—â–∏–π (–æ—Ñ–∏—Å/–ø—Ä–æ–∏–∑–≤–æ–¥—Å—Ç–≤–æ/—Å–µ—Ä–≤–∏—Å), –°–∞–º–æ–∑–∞–Ω—è—Ç—ã–π/–ø—Ä–µ–¥–ø—Ä–∏–Ω–∏–º–∞—Ç–µ–ª—å, –ë–µ–∑—Ä–∞–±–æ—Ç–Ω—ã–π, –ü–µ–Ω—Å–∏–æ–Ω–µ—Ä","–ü–æ–ø, –†–æ–∫, –†—ç–ø/–•–∏–ø-—Ö–æ–ø, –ö–ª–∞—Å—Å–∏—á–µ—Å–∫–∞—è –º—É–∑—ã–∫–∞, –î–∂–∞–∑, –≠–ª–µ–∫—Ç—Ä–æ–Ω–Ω–∞—è –º—É–∑—ã–∫–∞, –ù–∞—Ä–æ–¥–Ω–∞—è –º—É–∑—ã–∫–∞, –§–æ–Ω–∫, –®–∞–Ω—Å–æ–Ω, –î—É—Ö–æ–≤–Ω–∞—è –º—É–∑—ã–∫–∞, –†–µ–≥–≥–∏, –Ø–ø–æ–Ω—Å–∫–∞—è –º—É–∑—ã–∫–∞(–æ–ø–µ–Ω–∏–Ω–≥, —ç–Ω–¥–∏–Ω–≥ –∏ —Ç–ø.)",–ï–∂–µ–¥–Ω–µ–≤–Ω–æ,"YouTube, –í–ö–æ–Ω—Ç–∞–∫—Ç–µ, –†–∞–¥–∏–æ, –õ–æ–∫–∞–ª—å–Ω—ã–µ —Ñ–∞–π–ª—ã –Ω–∞ —Ç–µ–ª–µ—Ñ–æ–Ω–µ/–∫–æ–º–ø—å—é—Ç–µ—Ä–µ","–£—Å–ø–æ–∫–∞–∏–≤–∞–µ—Ç, –ú–æ—Ç–∏–≤–∏—Ä—É–µ—Ç, –£–ª—É—á—à–∞–µ—Ç –Ω–∞—Å—Ç—Ä–æ–µ–Ω–∏–µ, –ü–æ–º–æ–≥–∞–µ—Ç —Å–æ—Å—Ä–µ–¥–æ—Ç–æ—á–∏—Ç—å—Å—è, –°–Ω–∏–º–∞–µ—Ç —Å—Ç—Ä–µ—Å—Å, –ù–µ –≤–ª–∏—è–µ—Ç",–°–ø–æ–∫–æ–π—Å—Ç–≤–∏–µ,-,"–ó–∞–ø–∞–¥–Ω—É—é (–∞–º–µ—Ä–∏–∫–∞–Ω—Å–∫—É—é, –µ–≤—Ä–æ–ø–µ–π—Å–∫—É—é), –†—É—Å—Å–∫—É—é, –ò–∑ —Å–≤–æ–µ–π —Å—Ç—Ä–∞–Ω—ã (–ö—ã—Ä–≥—ã–∑—Å—Ç–∞–Ω), –°–º–µ—à–∞–Ω–Ω—É—é (–Ω–µ—Å–∫–æ–ª—å–∫–æ –∫—É–ª—å—Ç—É—Ä), ",-
24.11.2024 9:34:01,18‚Äì24,–ú—É–∂—Å–∫–æ–π,–î–∂–∞–ª–∞–ª-–ê–±–∞–¥—Å–∫–∞—è –æ–±–ª–∞—Å—Ç—å,–°—Ç—É–¥–µ–Ω—Ç,"–†—ç–ø/–•–∏–ø-—Ö–æ–ø, –ö–ª–∞—Å—Å–∏—á–µ—Å–∫–∞—è –º—É–∑—ã–∫–∞, –î–∂–∞–∑, –ù–∞—Ä–æ–¥–Ω–∞—è –º—É–∑—ã–∫–∞, –Ø–ø–æ–Ω—Å–∫–∞—è –º—É–∑—ã–∫–∞(–æ–ø–µ–Ω–∏–Ω–≥, —ç–Ω–¥–∏–Ω–≥ –∏ —Ç–ø.)",–ï–∂–µ–¥–Ω–µ–≤–Ω–æ,"YouTube, –Ø–Ω–¥–µ–∫—Å.–ú—É–∑—ã–∫–∞, Telegram","–£—Å–ø–æ–∫–∞–∏–≤–∞–µ—Ç, –£–ª—É—á—à–∞–µ—Ç –Ω–∞—Å—Ç—Ä–æ–µ–Ω–∏–µ, –ü–æ–º–æ–≥–∞–µ—Ç —Å–æ—Å—Ä–µ–¥–æ—Ç–æ—á–∏—Ç—å—Å—è",–°–ø–æ–∫–æ–π—Å—Ç–≤–∏–µ,Bruno Mars,–°–º–µ—à–∞–Ω–Ω—É—é (–Ω–µ—Å–∫–æ–ª—å–∫–æ –∫—É–ª—å—Ç—É—Ä),-
24.11.2024 9:46:57,18‚Äì24,–ñ–µ–Ω—Å–∫–∏–π,–ù–∞—Ä—ã–Ω—Å–∫–∞—è –æ–±–ª–∞—Å—Ç—å,–°—Ç—É–¥–µ–Ω—Ç,"–†–æ–∫, –†—ç–ø/–•–∏–ø-—Ö–æ–ø, –ö–ª–∞—Å—Å–∏—á–µ—Å–∫–∞—è –º—É–∑—ã–∫–∞, –ù–∞—Ä–æ–¥–Ω–∞—è –º—É–∑—ã–∫–∞, –î—É—Ö–æ–≤–Ω–∞—è –º—É–∑—ã–∫–∞",–ù–µ—Å–∫–æ–ª—å–∫–æ —Ä–∞–∑ –≤ –Ω–µ–¥–µ–ª—é,YouTube,"–£—Å–ø–æ–∫–∞–∏–≤–∞–µ—Ç, –ú–æ—Ç–∏–≤–∏—Ä—É–µ—Ç, –£–ª—É—á—à–∞–µ—Ç –Ω–∞—Å—Ç—Ä–æ–µ–Ω–∏–µ, –°–Ω–∏–º–∞–µ—Ç —Å—Ç—Ä–µ—Å—Å",–í–¥–æ—Ö–Ω–æ–≤–µ–Ω–∏–µ,APT,"–ó–∞–ø–∞–¥–Ω—É—é (–∞–º–µ—Ä–∏–∫–∞–Ω—Å–∫—É—é, –µ–≤—Ä–æ–ø–µ–π—Å–∫—É—é), –†—É—Å—Å–∫—É—é, –ò–∑ —Å–≤–æ–µ–π —Å—Ç—Ä–∞–Ω—ã (–ö—ã—Ä–≥—ã–∑—Å—Ç–∞–Ω), –°–º–µ—à–∞–Ω–Ω—É—é (–Ω–µ—Å–∫–æ–ª—å–∫–æ –∫—É–ª—å—Ç—É—Ä)",I have no favorite
24.11.2024 10:35:21,18‚Äì24,–ñ–µ–Ω—Å–∫–∏–π,T–∞–ª–∞—Å—Å–∫–∞—è –æ–±–ª–∞—Å—Ç—å,–°—Ç—É–¥–µ–Ω—Ç,"–ü–æ–ø, –†—ç–ø/–•–∏–ø-—Ö–æ–ø, –ö–ª–∞—Å—Å–∏—á–µ—Å–∫–∞—è –º—É–∑—ã–∫–∞, –î–∂–∞–∑",–ù–µ—Å–∫–æ–ª—å–∫–æ —Ä–∞–∑ –≤ –Ω–µ–¥–µ–ª—é,"YouTube, Spotify","–£—Å–ø–æ–∫–∞–∏–≤–∞–µ—Ç, –ú–æ—Ç–∏–≤–∏—Ä—É–µ—Ç, –£–ª—É—á—à–∞–µ—Ç –Ω–∞—Å—Ç—Ä–æ–µ–Ω–∏–µ",–í–¥–æ—Ö–Ω–æ–≤–µ–Ω–∏–µ,"Suis moi-camille, all of me-john legend, 7 rings Ariana Grande",–°–º–µ—à–∞–Ω–Ω—É—é (–Ω–µ—Å–∫–æ–ª—å–∫–æ –∫—É–ª—å—Ç—É—Ä),–ù–∏–Ω–∞—éüòì
25.11.2024 4:43:53,45‚Äì54,–ú—É–∂—Å–∫–æ–π,–û—à—Å–∫–∞—è –æ–±–ª–∞—Å—Ç—å,–°–∞–º–æ–∑–∞–Ω—è—Ç—ã–π/–ø—Ä–µ–¥–ø—Ä–∏–Ω–∏–º–∞—Ç–µ–ª—å,"–ö–ª–∞—Å—Å–∏—á–µ—Å–∫–∞—è –º—É–∑—ã–∫–∞, –ù–∞—Ä–æ–¥–Ω–∞—è –º—É–∑—ã–∫–∞, –®–∞–Ω—Å–æ–Ω, –î—É—Ö–æ–≤–Ω–∞—è –º—É–∑—ã–∫–∞",–ù–µ—Å–∫–æ–ª—å–∫–æ —Ä–∞–∑ –≤ –Ω–µ–¥–µ–ª—é,"YouTube, –Ø–Ω–¥–µ–∫—Å.–ú—É–∑—ã–∫–∞","–£—Å–ø–æ–∫–∞–∏–≤–∞–µ—Ç, –£–ª—É—á—à–∞–µ—Ç –Ω–∞—Å—Ç—Ä–æ–µ–Ω–∏–µ",–†–∞–¥–æ—Å—Ç—å,–ì—É–ª–∂–∏–≥–∏—Ç —Å–∞—Ç—ã–±–µ–∫–æ–≤ ,–°–º–µ—à–∞–Ω–Ω—É—é (–Ω–µ—Å–∫–æ–ª—å–∫–æ –∫—É–ª—å—Ç—É—Ä),–ö–ª–∞—Å—Å–∏–∫–∞ 
26.11.2024 15:19:35,35‚Äì44,–ú—É–∂—Å–∫–æ–π,–î–∂–∞–ª–∞–ª-–ê–±–∞–¥—Å–∫–∞—è –æ–±–ª–∞—Å—Ç—å,–°–∞–º–æ–∑–∞–Ω—è—Ç—ã–π/–ø—Ä–µ–¥–ø—Ä–∏–Ω–∏–º–∞—Ç–µ–ª—å,"–†—ç–ø/–•–∏–ø-—Ö–æ–ø, –ù–∞—Ä–æ–¥–Ω–∞—è –º—É–∑—ã–∫–∞, –î—É—Ö–æ–≤–Ω–∞—è –º—É–∑—ã–∫–∞",–ù–µ—Å–∫–æ–ª—å–∫–æ —Ä–∞–∑ –≤ –Ω–µ–¥–µ–ª—é,"YouTube, –†–∞–¥–∏–æ","–£—Å–ø–æ–∫–∞–∏–≤–∞–µ—Ç, –£–ª—É—á—à–∞–µ—Ç –Ω–∞—Å—Ç—Ä–æ–µ–Ω–∏–µ",–ù–æ—Å—Ç–∞–ª—å–≥–∏—è,-,"–ò–∑ —Å–≤–æ–µ–π —Å—Ç—Ä–∞–Ω—ã (–ö—ã—Ä–≥—ã–∑—Å—Ç–∞–Ω), –°–º–µ—à–∞–Ω–Ω—É—é (–Ω–µ—Å–∫–æ–ª—å–∫–æ –∫—É–ª—å—Ç—É—Ä)",-
26.11.2024 15:20:23,45‚Äì54,–ñ–µ–Ω—Å–∫–∏–π,T–∞–ª–∞—Å—Å–∫–∞—è –æ–±–ª–∞—Å—Ç—å,–ë–µ–∑—Ä–∞–±–æ—Ç–Ω—ã–π,"–ü–æ–ø, –†—ç–ø/–•–∏–ø-—Ö–æ–ø, –®–∞–Ω—Å–æ–Ω, –î—É—Ö–æ–≤–Ω–∞—è –º—É–∑—ã–∫–∞",–ï–∂–µ–¥–Ω–µ–≤–Ω–æ,"YouTube, –Ø–Ω–¥–µ–∫—Å.–ú—É–∑—ã–∫–∞, –†–∞–¥–∏–æ","–£—Å–ø–æ–∫–∞–∏–≤–∞–µ—Ç, –ú–æ—Ç–∏–≤–∏—Ä—É–µ—Ç, –°–Ω–∏–º–∞–µ—Ç —Å—Ç—Ä–µ—Å—Å",–í–¥–æ—Ö–Ω–æ–≤–µ–Ω–∏–µ,-,"–ó–∞–ø–∞–¥–Ω—É—é (–∞–º–µ—Ä–∏–∫–∞–Ω—Å–∫—É—é, –µ–≤—Ä–æ–ø–µ–π—Å–∫—É—é), –†—É—Å—Å–∫—É—é",-